{
  "project_info": {
    "project_number": "809735584471",
    "project_id": "login-f91dd",
    "storage_bucket": "login-f91dd.firebasestorage.app"
  },
  "client": [
    {
      "client_info": {
        "mobilesdk_app_id": "1:809735584471:android:251b82a8b413806a168e92",
        "android_client_info": {
          "package_name": "com.example.logingoogle"
        }
      },
      "oauth_client": [
        {
          "client_id": "809735584471-tdie5dt1rj529ri1510tiu8nf9tjpa8h.apps.googleusercontent.com",
          "client_type": 1,
          "android_info": {
            "package_name": "com.example.logingoogle",
            "certificate_hash": "f5ab0369fba7a3ed8ae6002fb486e87035f769a4"
          }
        },
        {
          "client_id": "809735584471-nbmrab4c7m68h191oae02lhqb7rii1sv.apps.googleusercontent.com",
          "client_type": 3
        }
      ],
      "api_key": [
        {
          "current_key": "AIzaSyBH14abXa5wGCH_gCsLEFfYfTChwZU4VPY"
        }
      ],
      "services": {
        "appinvite_service": {
          "other_platform_oauth_client": [
            {
              "client_id": "809735584471-nbmrab4c7m68h191oae02lhqb7rii1sv.apps.googleusercontent.com",
              "client_type": 3
            }
          ]
        }
      }
    }
  ],
  "configuration_version": "1"
}